<?xml version="1.0" encoding="UTF-8" standalone="yes"?>
<addon id="repository.tdbegley.official" name="[COLOR black] .. [COLOR ghostwhite]TDB[/COLOR] [COLOR lightsteelblue]Builds Repository[/COLOR]" version="3.1" provider-name="TDB Wizard">
    <extension point="xbmc.addon.repository" name="thomas begley repository">
        <info compressed="false">http://www.tdbwizard.co.uk/repository/addons.xml</info>
        <checksum>http://www.tdbwizard.co.uk/repository/addons.xml.md5</checksum>
        <datadir zip="true">http://www.tdbwizard.co.uk/repository/zips/</datadir>
    </extension>
    <extension point="xbmc.addon.metadata">
        <summary>Thomas Begleys Repository</summary>
        <description>THIS REPO CONTAINS UPDATES FOR TDB WIZARD, TDB ADVANCED SETTINGS AND TDB MAINTENANCE TOOL ASWELL AS ANY OTHER ADDONS DISTRIBUTED BY TDB.
        </description>
        <platform>all</platform>
    </extension>
</addon>
