<?xml version="1.0" encoding="UTF-8" standalone="yes"?>
<addon id="plugin.video.tdbwizard" name="[COLOR orange]TDB[/COLOR] [COLOR wizard] Wizard[/COLOR]" version="1.7" provider-name="Thomas Begley">
  <requires>
    <import addon="xbmc.python" version="2.1.0"/>
	<import addon="script.module.addon.common" />
  </requires>
  <extension point="xbmc.python.pluginsource" library="default.py">
        <provides>executable</provides>
  </extension>
  <extension point="xbmc.service" library="service.py" start="startup">
  </extension> 
  <extension point="xbmc.addon.metadata">
    <summary lang="en">[COLOR lime]TDB[/COLOR] Wizard</summary>
    <description lang="en">Install Thomas Begleys Official Builds</description>
    <platform>all</platform>
  </extension>
</addon>
