﻿<?xml version="1.0" encoding="utf-8" standalone="yes"?>
<window type="window">
	<include>dialogeffect</include>
	<depth>DepthDialog+</depth>
	<defaultcontrol always="true">32501</defaultcontrol>
	<controls>
		<control type="group">
			<control type="image">
				<description>background image</description>
				<left>50</left>
				<top>40</top>
				<width>1180</width>
				<height>652</height>
				<texture border="40">dialogs/default/bg.png</texture>
			</control>
			<control type="image">
				<description>Dialog Header image</description>
				<left>50</left>
				<top>56</top>
				<width>1180</width>
				<height>40</height>
				<texture>dialogheader.png</texture>
			</control>
			<control type="image" id="32503">
				<description>Twitter logo</description>
				<left>80</left>
				<top>50</top>
				<width>40</width>
				<height>49</height>
				<texture></texture>
			</control>
			<control type="button" id="32502">
				<description>Close Window button</description>
				<left>1153</left>
				<top>45</top>
				<width>64</width>
				<height>32</height>
				<label>-</label>
				<font>-</font>
				<onclick>PreviousMenu</onclick>
				<texturefocus>DialogCloseButton-focus.png</texturefocus>
				<texturenofocus>DialogCloseButton.png</texturenofocus>
				<onleft>32501</onleft>
				<onright>32501</onright>
				<onup>32501</onup>
				<ondown>32501</ondown>
				<animation effect="slide" end="-120,0" time="0" condition="Window.Close">Conditional</animation>
				<visible>system.getbool(input.enablemouse)</visible>
			</control>
			<control type="group">
				<visible>IsEmpty(Window(home).Property(loading))</visible>
				<control type="label" id="32500">
					<description>header label</description>
					<left>50</left>
					<top>60</top>
					<width>1180</width>
					<height>30</height>
					<font>font13_title</font>
					<label></label>
					<align>center</align>
					<aligny>center</aligny>
					<textcolor>selected</textcolor>
					<shadowcolor>black</shadowcolor>
				</control>
			</control>
			<control type="group">
				<visible>IsEmpty(Window(home).Property(loading))</visible>
				<control type="list" id="32501">
					<left>-55</left>
					<top>95</top>
					<width>1137</width>
					<height>530</height>
					<onup>32502</onup>
					<ondown>32514</ondown>
					<onright>61</onright>
					<pagecontrol>61</pagecontrol>
					<scrolltime>200</scrolltime>
					<animation effect="slide" start="0,0" end="10,0" time="0" condition="!Control.IsVisible(61)">Conditional</animation>
					<animation effect="slide" end="120,0" time="0" condition="!Control.IsVisible(5)">Conditional</animation>
					<itemlayout height="88" width="1137">
						<control type="image">
							<left>0</left>
							<top>0</top>
							<width>1137</width>
							<height>88</height>
							<texture border="1">separator2.png</texture>
						</control>
						<control type="image">
							<description>Profile pic</description>
							<left>2</left>
							<top>3</top>
							<width>83</width>
							<height>83</height>
							<texture>$INFO[ListItem.Property(profilepic)]</texture>
							<include>VisibleFadeEffect</include>
							<pulseonselect></pulseonselect>
						</control>
						<control type="label">
							<description>Tweet text</description>
							<posx>95</posx>
							<posy>5</posy>
							<width>1000</width>
							<height>25</height>
							<label>$INFO[ListItem.Property(author)]</label>
							<font>font14</font>
							<align>left</align>
							<textcolor>cadetblue</textcolor>
							<shadowcolor>AA000000</shadowcolor>
						</control>
						<control type="textbox">
							<description>Tweet text</description>
							<posx>95</posx>
							<posy>30</posy>
							<width>1000</width>
							<height>70</height>
							<label>$INFO[ListItem.Label]</label>
							<font>font14</font>
							<align>left</align>
							<textcolor>grey2</textcolor>
							<shadowcolor>AA000000</shadowcolor>
						</control>
					</itemlayout>
					<focusedlayout height="88" width="1137">
						<control type="image">
							<left>0</left>
							<top>0</top>
							<width>1137</width>
							<height>88</height>
							<texture border="1">separator2.png</texture>
							<visible>!Control.HasFocus(32501)</visible>
							<include>VisibleFadeEffect</include>
						</control>
						<control type="image">
							<left>0</left>
							<top>0</top>
							<width>1137</width>
							<height>88</height>
							<texture border="5">listselect_fo.png</texture>
							<visible>Control.HasFocus(32501)</visible>
							<include>VisibleFadeEffect</include>
						</control>
						<control type="image">
							<description>Profile Pic</description>
							<left>2</left>
							<top>3</top>
							<width>83</width>
							<height>83</height>
							<texture>$INFO[ListItem.Property(profilepic)]</texture>
							<include>VisibleFadeEffect</include>
						</control>
						<control type="label">
							<description>Tweet text</description>
							<posx>95</posx>
							<posy>5</posy>
							<width>1000</width>
							<height>25</height>
							<label>$INFO[ListItem.Property(author)]</label>
							<font>font14</font>
							<align>left</align>
							<textcolor>cadetblue</textcolor>
							<shadowcolor>AA000000</shadowcolor>
						</control>
						<control type="textbox">
							<description>Tweet Text</description>
							<posx>95</posx>
							<posy>30</posy>
							<width>1000</width>
							<height>70</height>
							<label>$INFO[ListItem.Label]</label>
							<font>font14</font>
							<align>left</align>
							<textcolor>white</textcolor>
							<shadowcolor>AA000000</shadowcolor>
							<pulseonselect></pulseonselect>
						</control>
					</focusedlayout>
				</control>
				<control type="scrollbar" id="61">
					<left>1075</left>
					<top>90</top>
					<width>25</width>
					<height>543</height>
					<texturesliderbackground border="0,14,0,14">ScrollBarV.png</texturesliderbackground>
					<texturesliderbar border="0,14,0,14">ScrollBarV_bar.png</texturesliderbar>
					<texturesliderbarfocus border="0,14,0,14">ScrollBarV_bar_focus.png</texturesliderbarfocus>
					<textureslidernib>ScrollBarNib.png</textureslidernib>
					<textureslidernibfocus>ScrollBarNib.png</textureslidernibfocus>
					<onleft>32501</onleft>
					<onright>32501</onright>
					<ondown>61</ondown>
					<onup>61</onup>
					<showonepage>true</showonepage>
					<orientation>vertical</orientation>
					<animation effect="slide" end="120,0" time="0" condition="!Control.IsVisible(5)">Conditional</animation>
				</control>
			</control>
			<control type="button" id="32514">
				<description>Reset</description>
				<left>550</left>
				<top>630</top>
				<width>200</width>
				<height>40</height>
				<label>$ADDON[script.matchcenter 32042]</label>
				<font>font12_title</font>
				<textcolor>white</textcolor>
				<focusedcolor>white</focusedcolor>
				<align>center</align>
				<onleft>32501</onleft>
				<onright>32501</onright>
				<onup>32501</onup>
				<ondown>32501</ondown>
			</control>
		</control>
		<!--Busy control-->
		<control type="image" id="32540">
			<description>Busy animation</description>
			<posx>450</posx>
			<posy>300</posy>
			<width>150</width>
			<height>150</height>
			<texture></texture>
			<aspectratio>keep</aspectratio>
			<animation effect="rotate" start="0" end="360" center="525,375" time="1200" loop="true" condition="true">conditional</animation>
			<visible>!IsEmpty(Window(home).Property(loading))</visible>
		</control>
		<control type="label">
			<top>330</top>
			<left>400</left>
			<width>650</width>
			<height>90</height>
			<font>font35_title</font>
			<textcolor>FFF0F0F0</textcolor>
			<aligny>center</aligny>
			<align>center</align>
			<label>$ADDON[script.matchcenter 32016]</label>
			<visible>!IsEmpty(Window(home).Property(loading))</visible>
		</control>
	</controls>
</window>
