﻿<?xml version="1.0" encoding="utf-8" standalone="yes"?>
<window type="window">
	<include>dialogeffect</include>
	<depth>DepthDialog+</depth>
	<defaultcontrol always="true">32514</defaultcontrol>
    <controls>
		<control type="group">
			<control type="image">
				<description>background image</description>
				<left>50</left>
				<top>10</top>
				<width>1180</width>
				<height>687</height>
				<texture border="40">DialogBack.png</texture>
			</control>
			<control type="group">
				<visible>!IsEmpty(Window(home).Property(has_details))</visible>
				<control type="button" id="32529">
					<description>Close Window button</description>
					<left>1150</left>
					<top>15</top>
					<width>64</width>
					<height>32</height>
					<label>-</label>
					<font>-</font>
					<onclick>PreviousMenu</onclick>
					<texturefocus>DialogCloseButton-focus.png</texturefocus>
					<texturenofocus>DialogCloseButton.png</texturenofocus>
					<onleft>32514</onleft>
					<onright>32514</onright>
					<onup>32514</onup>
					<ondown>32514</ondown>
					<visible>system.getbool(input.enablemouse)</visible>
				</control>
				<control type="label" id="32500">
					<description>League and Round</description>
					<posx>170</posx>
					<posy>30</posy>
					<width>930</width>
					<height>40</height>
					<label></label>
					<font>font13_title</font>
					<align>center</align>
					<textcolor>selected</textcolor>
					<shadowcolor>AA000000</shadowcolor>
				</control>
				<control type="image" id="32501">
					<description>HomeTeam Logo</description>
					<left>265</left>
					<top>60</top>
					<width>160</width>
					<height>160</height>
					<texture></texture>
				</control>
				<control type="image" id="32502">
					<description>HomeTeam Jersey</description>
					<left>335</left>
					<top>100</top>
					<width>130</width>
					<height>130</height>
					<texture></texture>
				</control>
				<control type="label" id="32503">
					<description>Home Team Name</description>
					<posx>165</posx>
					<posy>225</posy>
					<width>400</width>
					<height>40</height>
					<label></label>
					<font>font35_title</font>
					<align>center</align>
					<textcolor>grey2</textcolor>
					<shadowcolor>AA000000</shadowcolor>
				</control>
				<control type="image" id="32504">
					<description>AwayTeam Logo</description>
					<left>845</left>
					<top>60</top>
					<width>160</width>
					<height>160</height>
					<texture></texture>
				</control>
				<control type="image" id="32505">
					<description>AwayTeam Jersey</description>
					<left>805</left>
					<top>100</top>
					<width>130</width>
					<height>130</height>
					<texture></texture>
				</control>
				<control type="label" id="32506">
					<description>Away Team Name</description>
					<posx>720</posx>
					<posy>225</posy>
					<width>400</width>
					<height>40</height>
					<label></label>
					<font>font35_title</font>
					<align>center</align>
					<textcolor>grey2</textcolor>
					<shadowcolor>AA000000</shadowcolor>
				</control>
				<control type="label" id="32507">
					<description>Result</description>
					<posx>548</posx>
					<posy>90</posy>
					<width>170</width>
					<height>40</height>
					<label></label>
					<font>font_MainMenu</font>
					<align>center</align>
					<textcolor>white</textcolor>
					<shadowcolor>AA000000</shadowcolor>
				</control>
				<control type="label" id="32508">
					<description>Minute</description>
					<posx>550</posx>
					<posy>140</posy>
					<width>170</width>
					<height>40</height>
					<label></label>
					<font>font12</font>
					<align>center</align>
					<textcolor>grey2</textcolor>
					<shadowcolor>AA000000</shadowcolor>
				</control>
				<control type="image" id="32509">
					<left>695</left>
					<top>143</top>
					<width>20</width>
					<height>20</height>
					<texture></texture>
				</control>
				<control type="progress" id="32510">
					<description>Progressbar</description>
					<left>565</left>
					<top>155</top>
					<width>150</width>
					<height>16</height>
					<colordiffuse>88FFFFFF</colordiffuse>
					<info></info>
					<texturebg border="2">osd/texturebg2.png</texturebg>
				</control>
				<control type="label" id="32511">
					<description>Stadium</description>
					<posx>520</posx>
					<posy>180</posy>
					<width>230</width>
					<height>40</height>
					<label></label>
					<font>font10</font>
					<align>center</align>
					<textcolor>grey2</textcolor>
					<shadowcolor>AA000000</shadowcolor>
				</control>
				<control type="label" id="32512">
					<description>Referee</description>
					<posx>520</posx>
					<posy>200</posy>
					<width>230</width>
					<height>40</height>
					<label></label>
					<font>font10</font>
					<align>center</align>
					<textcolor>grey2</textcolor>
					<shadowcolor>AA000000</shadowcolor>
				</control>
				<control type="label" id="32513">
					<description>Spectators</description>
					<posx>520</posx>
					<posy>220</posy>
					<width>230</width>
					<height>40</height>
					<label></label>
					<font>font10</font>
					<align>center</align>
					<textcolor>grey2</textcolor>
					<shadowcolor>AA000000</shadowcolor>
				</control>
				<!-- Event panel -->
				<control type="image">
					<description>Main Panel</description>
					<left>110</left>
					<top>280</top>
					<width>1060</width>
					<height>345</height>
					<texture border="5">button-nofocus.png</texture>
				</control>
				<control type="button" id="32514">
					<description>Manual button</description>
					<left>437</left>
					<top>633</top>
					<width>200</width>
					<height>40</height>
					<label>$ADDON[script.matchcenter 32032]</label>
					<font>font12_title</font>
					<textcolor>white</textcolor>
					<focusedcolor>white</focusedcolor>
					<align>center</align>
					<onleft>32515</onleft>
					<onright>32515</onright>
					<onup>32516</onup>
					<ondown>32516</ondown>
				</control>
				<control type="button" id="32515">
					<description>Manual button</description>
					<left>642</left>
					<top>633</top>
					<width>200</width>
					<height>40</height>
					<label>$ADDON[script.matchcenter 32033]</label>
					<font>font12_title</font>
					<textcolor>white</textcolor>
					<focusedcolor>white</focusedcolor>
					<align>center</align>
					<onleft>32514</onleft>
					<onright>32514</onright>
					<onup>32516</onup>
				</control>
				<control type="list" id="32516">
					<left>110</left>
					<top>280</top>
					<width>530</width>
					<height>345</height>
					<onup>32529</onup>
					<ondown>32514</ondown>
					<onleft>32517</onleft>
					<onright>32517</onright>
					<scrolltime>200</scrolltime>
					<itemlayout height="43" width="530">
						<control type="image">
							<left>0</left>
							<top>0</top>
							<width>530</width>
							<height>43</height>
							<texture border="5">button-nofocus.png</texture>
						</control>
						<control type="image">
							<left>5</left>
							<top>2</top>
							<width>40</width>
							<height>40</height>
							<texture>$INFO[ListItem.Property(eventimg)]</texture>
						</control>
						<control type="label">
							<description>Time</description>
							<posx>50</posx>
							<posy>7</posy>
							<width>60</width>
							<height>40</height>
							<label>$INFO[ListItem.Property(eventtime)]</label>
							<font>font13_title</font>
							<align>left</align>
							<textcolor>selected</textcolor>
							<shadowcolor>AA000000</shadowcolor>
						</control>
						<control type="label">
							<description>Description</description>
							<posx>90</posx>
							<posy>7</posy>
							<width>340</width>
							<height>40</height>
							<label>$INFO[ListItem.Property(eventlabel)]</label>
							<font>font13_title</font>
							<align>left</align>
							<textcolor>grey2</textcolor>
							<shadowcolor>AA000000</shadowcolor>
							<include>VisibleFadeEffect</include>
						</control>
					</itemlayout>
					<focusedlayout height="43" width="530">
						<control type="image">
							<left>0</left>
							<top>0</top>
							<width>530</width>
							<height>43</height>
							<texture border="5">button-nofocus.png</texture>
							<include>VisibleFadeEffect</include>
						</control>
						<control type="image">
							<left>0</left>
							<top>0</top>
							<width>530</width>
							<height>43</height>
							<texture border="5">button-focus2.png</texture>
							<visible>Control.HasFocus(32516)</visible>
							<include>VisibleFadeEffect</include>
						</control>
						<control type="image">
							<left>5</left>
							<top>2</top>
							<width>40</width>
							<height>40</height>
							<texture>$INFO[ListItem.Property(eventimg)]</texture>
						</control>
						<control type="label">
							<description>Time</description>
							<posx>50</posx>
							<posy>7</posy>
							<width>60</width>
							<height>40</height>
							<label>$INFO[ListItem.Property(eventtime)]</label>
							<font>font13_title</font>
							<align>left</align>
							<textcolor>selected</textcolor>
							<shadowcolor>AA000000</shadowcolor>
						</control>
						<control type="label">
							<description>Description</description>
							<posx>90</posx>
							<posy>7</posy>
							<width>340</width>
							<height>40</height>
							<label>$INFO[ListItem.Property(eventlabel)]</label>
							<font>font13_title</font>
							<align>left</align>
							<textcolor>grey</textcolor>
							<shadowcolor>AA000000</shadowcolor>
							<include>VisibleFadeEffect</include>
						</control>
					</focusedlayout>
				</control>
				<control type="list" id="32517">
					<left>640</left>
					<top>280</top>
					<width>530</width>
					<height>345</height>
					<onup>32529</onup>
					<ondown>32514</ondown>
					<onleft>32516</onleft>
					<onright>32516</onright>
					<scrolltime>200</scrolltime>
					<itemlayout height="43" width="530">
						<control type="image">
							<left>0</left>
							<top>0</top>
							<width>530</width>
							<height>43</height>
							<texture border="5">button-nofocus.png</texture>
						</control>
						<control type="image">
							<left>5</left>
							<top>2</top>
							<width>40</width>
							<height>40</height>
							<texture>$INFO[ListItem.Property(eventimg)]</texture>
						</control>
						<control type="label">
							<description>Time</description>
							<posx>50</posx>
							<posy>7</posy>
							<width>60</width>
							<height>40</height>
							<label>$INFO[ListItem.Property(eventtime)]</label>
							<font>font13_title</font>
							<align>left</align>
							<textcolor>selected</textcolor>
							<shadowcolor>AA000000</shadowcolor>
						</control>
						<control type="label">
							<description>Description</description>
							<posx>90</posx>
							<posy>7</posy>
							<width>340</width>
							<height>40</height>
							<label>$INFO[ListItem.Property(eventlabel)]</label>
							<font>font13_title</font>
							<align>left</align>
							<textcolor>grey2</textcolor>
							<shadowcolor>AA000000</shadowcolor>
						</control>
					</itemlayout>
					<focusedlayout height="43" width="530">
						<control type="image">
							<left>0</left>
							<top>0</top>
							<width>530</width>
							<height>43</height>
							<texture border="5">button-nofocus.png</texture>
							<include>VisibleFadeEffect</include>
						</control>
						<control type="image">
							<left>0</left>
							<top>0</top>
							<width>530</width>
							<height>43</height>
							<texture border="5">button-focus2.png</texture>
							<visible>Control.HasFocus(32517)</visible>
							<include>VisibleFadeEffect</include>
						</control>
						<control type="image">
							<left>5</left>
							<top>2</top>
							<width>40</width>
							<height>40</height>
							<texture>$INFO[ListItem.Property(eventimg)]</texture>
						</control>
						<control type="label">
							<description>Time</description>
							<posx>50</posx>
							<posy>7</posy>
							<width>60</width>
							<height>40</height>
							<label>$INFO[ListItem.Property(eventtime)]</label>
							<font>font13_title</font>
							<align>left</align>
							<textcolor>selected</textcolor>
							<shadowcolor>AA000000</shadowcolor>
						</control>
						<control type="label">
							<description>Description</description>
							<posx>90</posx>
							<posy>7</posy>
							<width>340</width>
							<height>40</height>
							<label>$INFO[ListItem.Property(eventlabel)]</label>
							<font>font13_title</font>
							<align>left</align>
							<textcolor>grey</textcolor>
							<shadowcolor>AA000000</shadowcolor>
							<include>VisibleFadeEffect</include>
						</control>
					</focusedlayout>
				</control>
			</control>
			<!-- Pitch -->
			<control type="group">
				<visible>!IsEmpty(Window(home).Property(has_lineups))</visible>
				<control type="button" id="32530">
					<description>Close Window button</description>
					<left>70</left>
					<top>15</top>
					<width>64</width>
					<height>32</height>
					<label>-</label>
					<font>-</font>
					<onclick>PreviousMenu</onclick>
					<texturefocus>DialogCloseButton-focus.png</texturefocus>
					<texturenofocus>DialogCloseButton.png</texturenofocus>
					<onleft>32527</onleft>
					<onright>32527</onright>
					<onup>32527</onup>
					<ondown>32527</ondown>
					<visible>system.getbool(input.enablemouse)</visible>
				</control>
				<control type="label" id="32518">
					<description>Formation label</description>
					<posx>95</posx>
					<posy>30</posy>
					<width>570</width>
					<height>40</height>
					<label></label>
					<font>font_MainMenu</font>
					<align>center</align>
					<textcolor>selected</textcolor>
					<shadowcolor>AA000000</shadowcolor>
				</control>
				<control type="image" id="32519">
					<description>Pitch image</description>
					<left>70</left>
					<top>110</top>
					<width>630</width>
					<height>570</height>
					<texture></texture>
				</control>
				<!-- Team information -->
				<control type="image" id="32520">
					<description>Team Badge</description>
					<left>1070</left>
					<top>30</top>
					<width>130</width>
					<height>130</height>
					<texture></texture>
				</control>
				<control type="label" id="32521">
					<description>Team Label</description>
					<posx>600</posx>
					<posy>60</posy>
					<width>550</width>
					<height>40</height>
					<label></label>
					<font>font_MainMenu</font>
					<align>center</align>
					<textcolor>white</textcolor>
					<shadowcolor>AA000000</shadowcolor>
				</control>
				<!-- Panel -->
				<control type="image">
					<description>Panel header</description>
					<left>690</left>
					<top>165</top>
					<width>500</width>
					<height>40</height>
					<texture border="5">button-nofocus.png</texture>
				</control>
				<control type="image">
					<description>Main Panel</description>
					<left>690</left>
					<top>165</top>
					<width>500</width>
					<height>424</height>
					<texture border="5">button-nofocus.png</texture>
				</control>
				<control type="label" id="32522">
					<description>Squad: Label</description>
					<posx>700</posx>
					<posy>170</posy>
					<width>340</width>
					<height>35</height>
					<label></label>
					<font>font13_title</font>
					<align>left</align>
					<textcolor>selected</textcolor>
					<shadowcolor>AA000000</shadowcolor>
				</control>
				<control type="label" id="32523">
					<description>Substitutes: Label</description>
					<posx>950</posx>
					<posy>170</posy>
					<width>340</width>
					<height>35</height>
					<label></label>
					<font>font13_title</font>
					<align>left</align>
					<textcolor>selected</textcolor>
					<shadowcolor>AA000000</shadowcolor>
				</control>
				<!-- Starters -->
				<control type="list" id="32524">
					<left>690</left>
					<top>203</top>
					<width>250</width>
					<height>388</height>
					<scrolltime>200</scrolltime>
					<itemlayout height="35" width="250">
						<control type="image">
							<left>0</left>
							<top>0</top>
							<width>250</width>
							<height>35</height>
							<texture border="5">button-nofocus.png</texture>
						</control>
						<control type="label">
							<description>Description</description>
							<posx>10</posx>
							<posy>4</posy>
							<width>340</width>
							<height>35</height>
							<label>$INFO[ListItem.Label]</label>
							<font>font13_title</font>
							<align>left</align>
							<textcolor>grey2</textcolor>
							<shadowcolor>AA000000</shadowcolor>
							<include>VisibleFadeEffect</include>
						</control>
					</itemlayout>
					<focusedlayout height="35" width="250">
						<control type="image">
							<left>0</left>
							<top>0</top>
							<width>250</width>
							<height>35</height>
							<texture border="5">button-nofocus.png</texture>
							<include>VisibleFadeEffect</include>
						</control>
						<control type="image">
							<left>0</left>
							<top>0</top>
							<width>250</width>
							<height>35</height>
							<texture border="5">button-focus2.png</texture>
							<visible>Control.HasFocus(34)</visible>
							<include>VisibleFadeEffect</include>
						</control>
						<control type="label">
							<description>Description</description>
							<posx>10</posx>
							<posy>4</posy>
							<width>340</width>
							<height>35</height>
							<label>$INFO[ListItem.Label]</label>
							<font>font13_title</font>
							<align>left</align>
							<textcolor>grey</textcolor>
							<shadowcolor>AA000000</shadowcolor>
							<include>VisibleFadeEffect</include>
						</control>
					</focusedlayout>
				</control>
				<!-- Subs -->
				<control type="list" id="32525">
					<left>940</left>
					<top>203</top>
					<width>250</width>
					<height>388</height>
					<scrolltime>200</scrolltime>
					<itemlayout height="35" width="250">
						<control type="image">
							<left>0</left>
							<top>0</top>
							<width>250</width>
							<height>35</height>
							<texture border="5">button-nofocus.png</texture>
						</control>
						<control type="label">
							<description>Description</description>
							<posx>10</posx>
							<posy>4</posy>
							<width>340</width>
							<height>35</height>
							<label>$INFO[ListItem.Label]</label>
							<font>font13_title</font>
							<align>left</align>
							<textcolor>grey2</textcolor>
							<shadowcolor>AA000000</shadowcolor>
							<include>VisibleFadeEffect</include>
						</control>
					</itemlayout>
					<focusedlayout height="35" width="250">
						<control type="image">
							<left>0</left>
							<top>0</top>
							<width>250</width>
							<height>35</height>
							<texture border="5">button-nofocus.png</texture>
							<include>VisibleFadeEffect</include>
						</control>
						<control type="image">
							<left>0</left>
							<top>0</top>
							<width>250</width>
							<height>35</height>
							<texture border="5">button-focus2.png</texture>
							<visible>Control.HasFocus(34)</visible>
							<include>VisibleFadeEffect</include>
						</control>
						<control type="label">
							<description>Description</description>
							<posx>10</posx>
							<posy>4</posy>
							<width>340</width>
							<height>35</height>
							<label>$INFO[ListItem.Label]</label>
							<font>font13_title</font>
							<align>left</align>
							<textcolor>grey</textcolor>
							<shadowcolor>AA000000</shadowcolor>
							<include>VisibleFadeEffect</include>
						</control>
					</focusedlayout>
				</control>
				<!-- Coach -->
				<control type="label" id="32526">
					<description>Description</description>
					<posx>700</posx>
					<posy>595</posy>
					<width>480</width>
					<height>35</height>
					<label></label>
					<font>font13_title</font>
					<align>center</align>
					<shadowcolor>AA000000</shadowcolor>
				</control>
				<!-- Buttons -->
				<control type="button" id="32527">
					<description>Manual button</description>
					<left>737</left>
					<top>633</top>
					<width>200</width>
					<height>40</height>
					<label></label>
					<font>font12_title</font>
					<textcolor>white</textcolor>
					<focusedcolor>white</focusedcolor>
					<align>center</align>
					<onleft>32528</onleft>
					<onright>32528</onright>
					<onup>32530</onup>
					<ondown>32530</ondown>
				</control>
				<control type="button" id="32528">
					<description>Match details</description>
					<left>942</left>
					<top>633</top>
					<width>200</width>
					<height>40</height>
					<label>$ADDON[script.matchcenter 32031]</label>
					<font>font12_title</font>
					<textcolor>white</textcolor>
					<focusedcolor>white</focusedcolor>
					<align>center</align>
					<onleft>32527</onleft>
					<onright>32527</onright>
					<onup>32530</onup>
					<ondown>32530</ondown>
				</control>
			</control>
		</control>
   </controls>
</window>
