﻿<?xml version="1.0" encoding="utf-8" standalone="yes"?>
<window type="window">
	<include>dialogeffect</include>
	<depth>DepthDialog+</depth>
	<defaultcontrol always="true">32502</defaultcontrol>
	<controls>
		<control type="group">
			<control type="image">
				<description>background image</description>
				<left>50</left>
				<top>10</top>
				<width>1180</width>
				<height>687</height>
				<texture border="40">DialogBack.png</texture>
			</control>
			<control type="image">
				<description>Dialog Header image</description>
				<left>50</left>
				<top>26</top>
				<width>1180</width>
				<height>40</height>
				<texture>dialogheader.png</texture>
			</control>
			<control type="button" id="32504">
				<description>Close Window button</description>
				<left>1153</left>
				<top>15</top>
				<width>64</width>
				<height>32</height>
				<label>-</label>
				<font>-</font>
				<onclick>PreviousMenu</onclick>
				<texturefocus>DialogCloseButton-focus.png</texturefocus>
				<texturenofocus>DialogCloseButton.png</texturenofocus>
				<onleft>32502</onleft>
				<onright>32502</onright>
				<onup>32502</onup>
				<ondown>32502</ondown>
				<animation effect="slide" end="-120,0" time="0" condition="Window.Close">Conditional</animation>
				<visible>system.getbool(input.enablemouse)</visible>
			</control>
			<control type="group">
				<visible>!IsEmpty(Window(home).Property(has_history))+IsEmpty(Window(home).Property(loading))</visible>
				<control type="image">
					<description>Main Panel</description>
					<left>65</left>
					<top>65</top>
					<width>1150</width>
					<height>47</height>
					<texture border="5">button-nofocus.png</texture>
				</control>
				<control type="label">
					<description>Next Matches</description>
					<posx>75</posx>
					<posy>70</posy>
					<width>200</width>
					<height>35</height>
					<label>$ADDON[script.matchcenter 32043]</label>
					<font>font16</font>
					<align>left</align>
					<textcolor>selected</textcolor>
					<shadowcolor>AA000000</shadowcolor>
				</control>
				<control type="label">
					<description>Latest Matches:</description>
					<posx>650</posx>
					<posy>70</posy>
					<width>200</width>
					<height>35</height>
					<label>$ADDON[script.matchcenter 32044]</label>
					<font>font16</font>
					<align>left</align>
					<textcolor>selected</textcolor>
					<shadowcolor>AA000000</shadowcolor>
				</control>
				<control type="list" id="32502">
					<left>65</left>
					<top>111</top>
					<width>575</width>
					<height>570</height>
					<onup>32504</onup>
					<ondown>32502</ondown>
					<onleft>32503</onleft>
					<onright>32503</onright>
					<scrolltime>200</scrolltime>
					<itemlayout height="114" width="575">
						<control type="image">
							<left>0</left>
							<top>0</top>
							<width>575</width>
							<height>114</height>
							<texture border="5">button-nofocus.png</texture>
						</control>
						<control type="image">
							<description>Home Team Badge</description>
							<left>15</left>
							<top>5</top>
							<width>100</width>
							<height>100</height>
							<texture>$INFO[ListItem.Property(hometeambadge)]</texture>
							<include>VisibleFadeEffect</include>
						</control>
						<control type="label">
							<description>Home Team Name</description>
							<posx>120</posx>
							<posy>45</posy>
							<width>140</width>
							<height>35</height>
							<label>$INFO[ListItem.Property(hometeamname)]</label>
							<font>font12</font>
							<align>center</align>
							<textcolor>grey2</textcolor>
							<shadowcolor>AA000000</shadowcolor>
						</control>
						<control type="label">
							<description>Competition</description>
							<posx>135</posx>
							<posy>10</posy>
							<width>300</width>
							<height>35</height>
							<label>$INFO[ListItem.Property(competitionandround)]</label>
							<font>font12</font>
							<align>center</align>
							<textcolor>selected</textcolor>
							<shadowcolor>AA000000</shadowcolor>
						</control>
						<control type="label">
							<description>VS</description>
							<posx>270</posx>
							<posy>40</posy>
							<width>40</width>
							<height>35</height>
							<label>[B]VS[/B]</label>
							<font>font16</font>
							<align>left</align>
							<textcolor>white</textcolor>
							<shadowcolor>AA000000</shadowcolor>
						</control>
						<control type="label">
							<description>Date</description>
							<posx>175</posx>
							<posy>80</posy>
							<width>230</width>
							<height>35</height>
							<label>$INFO[ListItem.Property(date)]</label>
							<font>font12</font>
							<align>center</align>
							<textcolor>selected</textcolor>
							<shadowcolor>AA000000</shadowcolor>
						</control>
						<control type="label">
							<description>Away Team Name</description>
							<posx>315</posx>
							<posy>45</posy>
							<width>140</width>
							<height>35</height>
							<label>$INFO[ListItem.Property(awayteamname)]</label>
							<font>font12</font>
							<align>center</align>
							<textcolor>grey2</textcolor>
							<shadowcolor>AA000000</shadowcolor>
						</control>
						<control type="image">
							<description>Away Team Badge</description>
							<left>465</left>
							<top>5</top>
							<width>100</width>
							<height>100</height>
							<texture>$INFO[ListItem.Property(awayteambadge)]</texture>
							<include>VisibleFadeEffect</include>
						</control>
					</itemlayout>
					<focusedlayout height="114" width="575">
						<control type="image">
							<left>0</left>
							<top>0</top>
							<width>575</width>
							<height>114</height>
							<texture border="5">button-nofocus.png</texture>
							<visible>!Control.HasFocus(32502)</visible>
							<include>VisibleFadeEffect</include>
						</control>
						<control type="image">
							<left>0</left>
							<top>0</top>
							<width>575</width>
							<height>114</height>
							<texture border="5">button-focus2.png</texture>
							<visible>Control.HasFocus(32502)</visible>
							<include>VisibleFadeEffect</include>
						</control>
						<control type="image">
							<description>Home Team Badge</description>
							<left>15</left>
							<top>5</top>
							<width>100</width>
							<height>100</height>
							<texture>$INFO[ListItem.Property(hometeambadge)]</texture>
							<include>VisibleFadeEffect</include>
						</control>
						<control type="label">
							<description>Home Team Name</description>
							<posx>120</posx>
							<posy>45</posy>
							<width>140</width>
							<height>35</height>
							<label>$INFO[ListItem.Property(hometeamname)]</label>
							<font>font12</font>
							<align>center</align>
							<textcolor>white</textcolor>
							<shadowcolor>AA000000</shadowcolor>
						</control>
						<control type="label">
							<description>Competition</description>
							<posx>135</posx>
							<posy>10</posy>
							<width>300</width>
							<height>35</height>
							<label>$INFO[ListItem.Property(competitionandround)]</label>
							<font>font12</font>
							<align>center</align>
							<textcolor>selected</textcolor>
							<shadowcolor>AA000000</shadowcolor>
						</control>
						<control type="label">
							<description>VS</description>
							<posx>270</posx>
							<posy>40</posy>
							<width>40</width>
							<height>35</height>
							<label>[B]VS[/B]</label>
							<font>font16</font>
							<align>left</align>
							<textcolor>white</textcolor>
							<shadowcolor>AA000000</shadowcolor>
						</control>
						<control type="label">
							<description>Date</description>
							<posx>175</posx>
							<posy>80</posy>
							<width>230</width>
							<height>35</height>
							<label>$INFO[ListItem.Property(date)]</label>
							<font>font12</font>
							<align>center</align>
							<textcolor>selected</textcolor>
							<shadowcolor>AA000000</shadowcolor>
						</control>
						<control type="label">
							<description>Away Team Name</description>
							<posx>315</posx>
							<posy>45</posy>
							<width>140</width>
							<height>35</height>
							<label>$INFO[ListItem.Property(awayteamname)]</label>
							<font>font12</font>
							<align>center</align>
							<textcolor>white</textcolor>
							<shadowcolor>AA000000</shadowcolor>
						</control>
						<control type="image">
							<description>Away Team Badge</description>
							<left>465</left>
							<top>5</top>
							<width>100</width>
							<height>100</height>
							<texture>$INFO[ListItem.Property(awayteambadge)]</texture>
							<include>VisibleFadeEffect</include>
						</control>
					</focusedlayout>
				</control>
				<control type="list" id="32503">
					<left>640</left>
					<top>111</top>
					<width>575</width>
					<height>570</height>
					<onup>32504</onup>
					<ondown>32503</ondown>
					<onleft>32502</onleft>
					<onright>32502</onright>
					<scrolltime>200</scrolltime>
					<itemlayout height="114" width="575">
						<control type="image">
							<left>0</left>
							<top>0</top>
							<width>575</width>
							<height>114</height>
							<texture border="5">button-nofocus.png</texture>
						</control>
						<control type="image">
							<description>Home Team Badge</description>
							<left>15</left>
							<top>5</top>
							<width>100</width>
							<height>100</height>
							<texture>$INFO[ListItem.Property(hometeambadge)]</texture>
							<include>VisibleFadeEffect</include>
						</control>
						<control type="label">
							<description>Home Team Name</description>
							<posx>120</posx>
							<posy>45</posy>
							<width>140</width>
							<height>35</height>
							<label>$INFO[ListItem.Property(hometeamname)]</label>
							<font>font12</font>
							<align>center</align>
							<textcolor>grey2</textcolor>
							<shadowcolor>AA000000</shadowcolor>
						</control>
						<control type="label">
							<description>Competition</description>
							<posx>135</posx>
							<posy>10</posy>
							<width>300</width>
							<height>35</height>
							<label>$INFO[ListItem.Property(competitionandround)]</label>
							<font>font12</font>
							<align>center</align>
							<textcolor>selected</textcolor>
							<shadowcolor>AA000000</shadowcolor>
						</control>
						<control type="label">
							<description>result</description>
							<posx>270</posx>
							<posy>40</posy>
							<width>40</width>
							<height>35</height>
							<label>$INFO[ListItem.Property(result)]</label>
							<font>font16</font>
							<align>left</align>
							<textcolor>white</textcolor>
							<shadowcolor>AA000000</shadowcolor>
						</control>
						<control type="label">
							<description>Date</description>
							<posx>175</posx>
							<posy>80</posy>
							<width>230</width>
							<height>35</height>
							<label>$INFO[ListItem.Property(date)]</label>
							<font>font12</font>
							<align>center</align>
							<textcolor>selected</textcolor>
							<shadowcolor>AA000000</shadowcolor>
						</control>
						<control type="label">
							<description>Away Team Name</description>
							<posx>315</posx>
							<posy>45</posy>
							<width>140</width>
							<height>35</height>
							<label>$INFO[ListItem.Property(awayteamname)]</label>
							<font>font12</font>
							<align>center</align>
							<textcolor>grey2</textcolor>
							<shadowcolor>AA000000</shadowcolor>
						</control>
						<control type="image">
							<description>Away Team Badge</description>
							<left>465</left>
							<top>5</top>
							<width>100</width>
							<height>100</height>
							<texture>$INFO[ListItem.Property(awayteambadge)]</texture>
							<include>VisibleFadeEffect</include>
						</control>
					</itemlayout>
					<focusedlayout height="114" width="575">
						<control type="image">
							<left>0</left>
							<top>0</top>
							<width>575</width>
							<height>114</height>
							<texture border="5">button-nofocus.png</texture>
							<visible>!Control.HasFocus(32503)</visible>
							<include>VisibleFadeEffect</include>
						</control>
						<control type="image">
							<left>0</left>
							<top>0</top>
							<width>575</width>
							<height>114</height>
							<texture border="5">button-focus2.png</texture>
							<visible>Control.HasFocus(32503)</visible>
							<include>VisibleFadeEffect</include>
						</control>
						<control type="image">
							<description>Home Team Badge</description>
							<left>15</left>
							<top>5</top>
							<width>100</width>
							<height>100</height>
							<texture>$INFO[ListItem.Property(hometeambadge)]</texture>
							<include>VisibleFadeEffect</include>
						</control>
						<control type="label">
							<description>Home Team Name</description>
							<posx>120</posx>
							<posy>45</posy>
							<width>140</width>
							<height>35</height>
							<label>$INFO[ListItem.Property(hometeamname)]</label>
							<font>font12</font>
							<align>center</align>
							<textcolor>white</textcolor>
							<shadowcolor>AA000000</shadowcolor>
						</control>
						<control type="label">
							<description>Competition</description>
							<posx>135</posx>
							<posy>10</posy>
							<width>300</width>
							<height>35</height>
							<label>$INFO[ListItem.Property(competitionandround)]</label>
							<font>font12</font>
							<align>center</align>
							<textcolor>selected</textcolor>
							<shadowcolor>AA000000</shadowcolor>
						</control>
						<control type="label">
							<description>result</description>
							<posx>270</posx>
							<posy>40</posy>
							<width>40</width>
							<height>35</height>
							<label>$INFO[ListItem.Property(result)]</label>
							<font>font16</font>
							<align>left</align>
							<textcolor>white</textcolor>
							<shadowcolor>AA000000</shadowcolor>
						</control>
						<control type="label">
							<description>Date</description>
							<posx>175</posx>
							<posy>80</posy>
							<width>230</width>
							<height>35</height>
							<label>$INFO[ListItem.Property(date)]</label>
							<font>font12</font>
							<align>center</align>
							<textcolor>selected</textcolor>
							<shadowcolor>AA000000</shadowcolor>
						</control>
						<control type="label">
							<description>Away Team Name</description>
							<posx>315</posx>
							<posy>45</posy>
							<width>140</width>
							<height>35</height>
							<label>$INFO[ListItem.Property(awayteamname)]</label>
							<font>font12</font>
							<align>center</align>
							<textcolor>white</textcolor>
							<shadowcolor>AA000000</shadowcolor>
						</control>
						<control type="image">
							<description>Away Team Badge</description>
							<left>465</left>
							<top>5</top>
							<width>100</width>
							<height>100</height>
							<texture>$INFO[ListItem.Property(awayteambadge)]</texture>
							<include>VisibleFadeEffect</include>
						</control>
					</focusedlayout>
				</control>
			</control>
		</control>
		<!--Busy control-->
		<control type="image" id="32540">
			<description>Busy animation</description>
			<posx>450</posx>
			<posy>270</posy>
			<width>150</width>
			<height>150</height>
			<texture></texture>
			<aspectratio>keep</aspectratio>
			<animation effect="rotate" start="0" end="360" center="525,345" time="1200" loop="true" condition="true">conditional</animation>
			<visible>!IsEmpty(Window(home).Property(loading))</visible>
		</control>
		<control type="label">
			<top>300</top>
			<left>400</left>
			<width>650</width>
			<height>90</height>
			<font>font35_title</font>
			<textcolor>FFF0F0F0</textcolor>
			<aligny>center</aligny>
			<align>center</align>
			<label>$ADDON[script.matchcenter 32016]</label>
			<visible>!IsEmpty(Window(home).Property(loading))</visible>
		</control>	
	</controls>
</window>
