<?xml version="1.0" encoding="UTF-8" standalone="yes"?>
<addon id="plugin.video.tdbadvanced" name="[COLOR orange]TDB[/COLOR][COLOR wizard] Advanced Settings[/COLOR]" version="2.0" provider-name="Thomas Begley">
  <requires>
    <import addon="xbmc.python" version="2.1.0"/>
	<import addon="script.module.addon.common" />
  </requires>
  <extension point="xbmc.python.pluginsource" library="default.py">
        <provides>executable</provides>
  </extension>
  <extension point="xbmc.service" library="service.py" start="startup">
  </extension> 
  <extension point="xbmc.addon.metadata">
    <summary lang="en">[COLOR lime]TDB[/COLOR] Advanced Settings</summary>
    <description lang="en">Tired of constant buffering? Then install Thomas Begleys Official advancedsettings.xml settings for your system.</description>
    <platform>all</platform>
  </extension>
</addon>
